{"labels_3d": [0, 0, 0, 0, 0, 0, 0, 0, 0, 0], "scores_3d": [0.9750589728355408, 0.968209981918335, 0.9457541108131409, 0.8904030919075012, 0.8890073299407959, 0.7703643441200256, 0.755043089389801, 0.7058197855949402, 0.5811446309089661, 0.44102343916893005], "bboxes_3d": [[14.75867748260498, -1.0537946224212646, -1.558935523033142, 3.7562408447265625, 1.6059986352920532, 1.5586895942687988, -0.31321752071380615], [6.438140869140625, -3.8679745197296143, -1.7354629039764404, 3.147710084915161, 1.45999276638031, 1.4284549951553345, -0.2998310327529907], [8.112329483032227, 1.216971516609192, -1.6341216564178467, 3.6662495136260986, 1.573140025138855, 1.5916767120361328, 2.8161733150482178], [20.169925689697266, -8.43094253540039, -1.6689856052398682, 2.381495237350464, 1.51751708984375, 1.5693042278289795, -0.3255223035812378], [33.455665588378906, -7.035743236541748, -1.3376567363739014, 4.213741302490234, 1.744563102722168, 1.6697136163711548, 2.828497886657715], [55.62188720703125, -20.328449249267578, -1.377078652381897, 4.370694637298584, 1.7358829975128174, 1.706662654876709, 2.850414276123047], [3.6377065181732178, 2.7381889820098877, -1.6891982555389404, 3.7212178707122803, 1.5820997953414917, 1.5176658630371094, -0.2304450273513794], [25.04076385498047, -10.156379699707031, -1.6326332092285156, 3.7394163608551025, 1.6085067987442017, 1.4840362071990967, -0.32967960834503174], [28.72532081604004, -1.5524237155914307, -1.2023563385009766, 3.6944580078125, 1.5429731607437134, 1.561029076576233, 1.2416549921035767], [40.87098693847656, -9.748966217041016, -1.3669469356536865, 3.8333828449249268, 1.6528679132461548, 1.5699278116226196, -0.28837358951568604]], "box_type_3d": "LiDAR"}